diameters_range,diameters_mean,diameters_sd,diameters_median
0.5,4.400380078636959,2.998134119863724,3
86,4.400380078636959,2.998134119863724,3
